{
  "name": "nodejs",
  "version": "2.2.0",
  "description": "Installs/Configures nodejs",
  "long_description": "# [nodejs-cookbook](https://github.com/redguide/nodejs)\n[![CK Version](http://img.shields.io/cookbook/v/nodejs.svg)](https://supermarket.getchef.com/cookbooks/nodejs) [![Build Status](https://img.shields.io/travis/redguide/nodejs.svg)](https://travis-ci.org/redguide/nodejs)\n[![Gitter chat](https://badges.gitter.im/redguide/nodejs.png)](https://gitter.im/redguide/nodejs)\n\n## DESCRIPTION\n\nInstalls Node.js and manage npm\n\n## USAGE\n\nInclude the nodejs recipe to install node on your system based on the default installation method:\n```chef\ninclude_recipe \"nodejs\"\n```\nInstallation method can be customized with attribute `node['nodejs']['install_method']`\n\n### Install methods\n\n#### Package\n\nInstall node from packages:\n\n```chef\nnode['nodejs']['install_method'] = 'package' # Not necessary because it's the default\ninclude_recipe \"nodejs\"\n# Or\ninclude_recipe \"nodejs::nodejs_from_package\"\n```\nNote that only apt (Ubuntu, Debian) appears to have up to date packages available. \nCentos, RHEL, etc are non-functional (try `nodejs_from_binary` for those).\n\n#### Binary\n\nInstall node from official prebuilt binaries:\n```chef\nnode['nodejs']['install_method'] = 'binary'\ninclude_recipe \"nodejs\"\n# Or\ninclude_recipe \"nodejs::nodejs_from_binary\"\n```\n\n#### Source\n\nInstall node from sources:\n```chef\nnode['nodejs']['install_method'] = 'source'\ninclude_recipe \"nodejs\"\n# Or\ninclude_recipe \"nodejs::nodejs_from_source\"\n```\n\n## NPM\n\nNpm is included in nodejs installs by default.\nBy default, we are using it and call it `embedded`.\nAdding recipe `nodejs::npm` assure you to have npm installed and let you choose install method with `node['nodejs']['npm']['install_method']`\n```chef\ninclude_recipe \"nodejs::npm\"\n```\n_Warning:_ This recipe will include the `nodejs` recipe, which by default includes `nodejs::nodejs_from_package` if you did not set `node['nodejs']['install_method']`.\n\n## LWRP\n\n### nodejs_npm\n\n`nodejs_npm` let you install npm packages from various sources:\n* npm registry:\n * name: `attribute :package`\n * version: `attribute :version` (optionnal)\n* url: `attribute :url`\n * for git use `git://{your_repo}`\n* from a json (packages.json by default): `attribute :json`\n * use `true` for default\n * use a `String` to specify json file\n \nPackages can be installed globally (by default) or in a directory (by using `attribute :path`)\n\nYou can append more specific options to npm command with `attribute :options` array :  \n * use an array of options (w/ dash), they will be added to npm call.\n * ex: `['--production','--force']` or `['--force-latest']`\n \nThis LWRP try to use npm bare as much as possible (no custom wrapper).\n\n#### [Examples](test/cookbooks/nodejs_test/recipes/npm.rb)\n\n## AUTHORS\n\n* Marius Ducea (marius@promethost.com)\n* Nathan L Smith (nlloyds@gmail.com)\n* Guilhem Lettron (guilhem@lettron.fr)\n* Barthelemy Vessemont (bvessemont@gmail.com)\n",
  "maintainer": "redguide",
  "maintainer_email": "guilhem@lettron.fr",
  "license": "Apache 2.0",
  "platforms": {
    "debian": ">= 0.0.0",
    "ubuntu": ">= 0.0.0",
    "centos": ">= 0.0.0",
    "redhat": ">= 0.0.0",
    "smartos": ">= 0.0.0"
  },
  "dependencies": {
    "yum-epel": ">= 0.0.0",
    "build-essential": ">= 0.0.0",
    "ark": ">= 0.0.0",
    "apt": ">= 0.0.0"
  },
  "recommendations": {
  },
  "suggestions": {
    "application_nodejs": ">= 0.0.0"
  },
  "conflicting": {
    "node": ">= 0.0.0"
  },
  "providing": {
  },
  "replacing": {
  },
  "attributes": {
  },
  "groupings": {
  },
  "recipes": {
  }
}