{
  "name": "dmg",
  "version": "2.2.2",
  "description": "LWRP to install OS X applications from dmgs",
  "long_description": "dmg Cookbook\n============\nLightweight resource and provider to install OS X applications (.app) from dmg files.\n\n\nRequirements\n------------\n### Platform\n- Mac OS X\n\n\nResources/Providers\n-------------------\n### dmg_package\n\nThis resource will install a DMG \"Package\". It will retrieve the DMG from a remote URL, mount it using OS X's `hdid`, copy the application (.app directory) to the specified destination (/Applications), and detach the image using `hdiutil`. The dmg file will be stored in the `Chef::Config[:file_cache_path]`. If you want to install an application that has already been downloaded (not using the `source` parameter), copy it to the appropriate location. You can find out what directory this is with the following command on the node to run chef:\n\n```bash\nknife exec -E 'p Chef::Config[:file_cache_path]' -c /etc/chef/client.rb\n```\n\nOptionally, the LWRP can install an \"mpkg\" or \"pkg\" package using installer(8).\n\n#### Actions\n- :install - Installs the application.\n\n#### Parameter attributes:\n- `app` - This is the name of the application used by default for the /Volumes directory and the .app directory copied to /Applications.\n- `source` - remote URL for the dmg to download if specified. Default is nil.\n- `owner` - owner that should own the package installation.\n- `destination` - directory to copy the .app into. Default is /Applications.\n- `checksum` - sha256 checksum of the dmg to download. Default is nil.\n- `type` - type of package, \"app\", \"pkg\" or \"mpkg\". Default is \"app\". When using \"pkg\" or \"mpkg\", the destination must be /Applications.\n- `volumes_dir` - Directory under /Volumes where the dmg is mounted. Not all dmgs are mounted into a /Volumes location matching the name of the dmg. If not specified, this will use the name attribute.\n- `package_id` - Package id registered with pkgutil when a pkg or mpkg is installed\n- `dmg_name` - Specify the name of the dmg if it is not the same as `app`, or if the name has spaces.\n- `dmg_passphrase` - Specify a passphrase to use to unencrypt the dmg while mounting.\n- `accept_eula` - Specify whether to accept the EULA.  Certain dmgs require acceptance of EULA before mounting.  Can be true or false, defaults to false.\n\n#### Examples\nInstall `/Applications/Tunnelblick.app` from the primary download site.\n\n```ruby\ndmg_package 'Tunnelblick' do\n  source   'http://tunnelblick.googlecode.com/files/Tunnelblick_3.1.2.dmg'\n  checksum 'a3fae60b6833175f32df20c90cd3a3603a'\n  action   :install\nend\n```\n\nInstall Google Chrome. Uses the `dmg_name` because the application name has spaces. Installs in `/Applications/Google Chrome.app`.\n\n```ruby\ndmg_package 'Google Chrome' do\n  dmg_name 'googlechrome'\n  source   'https://dl-ssl.google.com/chrome/mac/stable/GGRM/googlechrome.dmg'\n  checksum '7daa2dc5c46d9bfb14f1d7ff4b33884325e5e63e694810adc58f14795165c91a'\n  action   :install\nend\n```\n\nInstall Dropbox. Uses `volumes_dir` because the mounted directory is different than the name of the application directory. Installs in `/Applications/Dropbox.app`.\n\n```ruby\ndmg_package 'Dropbox' do\n  volumes_dir 'Dropbox Installer'\n  source      'http://www.dropbox.com/download?plat=mac'\n  checksum    'b4ea620ca22b0517b75753283ceb82326aca8bc3c86212fbf725de6446a96a13'\n  action      :install\nend\n```\n\nInstall MacIrssi to `~/Applications` from the local file downloaded to the cache path into an Applications directory in the current user's home directory. Chef should run as a non-root user for this.\n\n```ruby\ndirectory \"#{ENV['HOME']}/Applications\"\n\ndmg_package 'MacIrssi' do\n  destination \"#{ENV['HOME']}/Applications\"\n  action      :install\nend\n```\n\nInstall Virtualbox to `/Applications` from the .mpkg:\n\n```ruby\ndmg_package 'Virtualbox' do\n  source 'http://dlc.sun.com.edgesuite.net/virtualbox/4.0.8/VirtualBox-4.0.8-71778-OSX.dmg'\n  type   'mpkg'\nend\n```\n\nInstall pgAdmin to `/Applications` and automatically accept the EULA:\n\n```ruby\ndmg_package 'pgAdmin3' do\n  source   'http://wwwmaster.postgresql.org/redir/198/h/pgadmin3/release/v1.12.3/osx/pgadmin3-1.12.3.dmg'\n  checksum '9435f79d5b52d0febeddfad392adf82db9df159196f496c1ab139a6957242ce9'\n  accept_eula true\nend\n```\n\nInstall Pivotal Tracker to `/Applications` using a password-protected dmg:\n\n```ruby\ndmg_package 'Pivotal Tracker' do\n  volumes_dir    'tracker'\n  source         'http://cheffiles.pivotallabs.com/fluid_tracker.dmg'\n  dmg_passphrase 'xyz'\nend\n```\n\nInstall Silverlight, with idempotence check based on pkgutil:\n\n```ruby\ndmg_package 'Silerlight' do\n  source     'http://silverlight.dlservice.microsoft.com/download/D/C/2/DC2D5838-9138-4D25-AA92-52F61F7C51E6/runtime/Silverlight.dmg'\n  type       'pkg'\n  checksum   '6d4a0ad4552d9815531463eb3f467fb8cf4bffcc'\n  package_id 'com.microsoft.installSilverlightPlugin'\nend\n```\n\n\nLicense & Authors\n-----------------\n- Author:: Joshua Timberman (joshua@opscode.com)\n\n```text\nCopyright 2011, Joshua Timberman <cookbooks@housepub.org>\n\nLicensed under the Apache License, Version 2.0 (the \"License\");\nyou may not use this file except in compliance with the License.\nYou may obtain a copy of the License at\n\n    http://www.apache.org/licenses/LICENSE-2.0\n\nUnless required by applicable law or agreed to in writing, software\ndistributed under the License is distributed on an \"AS IS\" BASIS,\nWITHOUT WARRANTIES OR CONDITIONS OF ANY KIND, either express or implied.\nSee the License for the specific language governing permissions and\nlimitations under the License.\n```\n",
  "maintainer": "Opscode, Inc",
  "maintainer_email": "cookbooks@opscode.com",
  "license": "Apache 2.0",
  "platforms": {
    "mac_os_x": ">= 0.0.0"
  },
  "dependencies": {
  },
  "recommendations": {
  },
  "suggestions": {
  },
  "conflicting": {
  },
  "providing": {
  },
  "replacing": {
  },
  "attributes": {
  },
  "groupings": {
  },
  "recipes": {
  }
}