{
  "name": "build-essential",
  "version": "2.1.3",
  "description": "Installs C compiler / build tools",
  "long_description": "",
  "maintainer": "Chef Software, Inc.",
  "maintainer_email": "cookbooks@getchef.com",
  "license": "Apache 2.0",
  "platforms": {
    "amazon": ">= 0.0.0",
    "centos": ">= 0.0.0",
    "debian": ">= 0.0.0",
    "fedora": ">= 0.0.0",
    "freebsd": ">= 0.0.0",
    "mac_os_x": ">= 10.7.0",
    "mac_os_x_server": ">= 10.7.0",
    "oracle": ">= 0.0.0",
    "redhat": ">= 0.0.0",
    "scientific": ">= 0.0.0",
    "smartos": ">= 0.0.0",
    "suse": ">= 0.0.0",
    "ubuntu": ">= 0.0.0"
  },
  "dependencies": {
  },
  "recommendations": {
  },
  "suggestions": {
    "pkgutil": ">= 0.0.0"
  },
  "conflicting": {
  },
  "providing": {
  },
  "replacing": {
  },
  "attributes": {
  },
  "groupings": {
  },
  "recipes": {
    "build-essential": "Installs packages required for compiling C software from source."
  }
}